timestamp,step,elapsed_s,temp_c,error_c,heater_norm,pwm_cmd,esp_safety,host_safety,kp,ki,kd,nn_loss
2026-05-16T22:12:23,0,0.0,35.125,-0.125,0.0,0,0,0,0.6,2.0,0.0,
2026-05-16T22:12:25,1,2.797,35.125,-0.125,0.0,0,0,0,1.0,2.0,0.0,0.01021969
2026-05-16T22:12:27,2,5.047,35.125,-0.125,0.0,0,0,0,1.0,2.0,0.0,0.00123284
2026-05-16T22:12:29,3,6.891,35.125,-0.125,0.0,0,0,0,1.6,2.0,0.0,5.464e-05
2026-05-16T22:12:31,4,8.641,35.0625,-0.0625,0.0,0,0,0,1.6,2.0,0.0,0.00091035
2026-05-16T22:12:33,5,10.984,35.0625,-0.0625,0.0,0,0,0,0.993715,2.015241,0.0,0.00328588
2026-05-16T22:12:35,6,12.828,35.0625,-0.0625,0.08415,21,0,0,0.61359,2.0,0.0,0.00260019
2026-05-16T22:12:37,7,14.766,35.0625,-0.0625,0.15997,41,0,0,0.6,2.0,0.0,0.00193051
2026-05-16T22:12:39,8,16.516,35.0,0.0,0.0077,2,0,0,0.6,2.0,0.0,4.479e-05
2026-05-16T22:12:41,9,18.547,35.0,0.0,0.0,0,0,0,0.6,2.0,0.0,1.07e-06
2026-05-16T22:12:43,10,20.5,35.0,0.0,0.0,0,0,0,0.668905,2.003445,0.0,0.00039988
2026-05-16T22:12:45,11,22.641,35.0,0.0,0.0,0,0,0,0.882655,2.014133,0.0,0.00061129
2026-05-16T22:12:48,12,25.0,34.9375,0.0625,0.0,0,0,0,1.0,2.02,0.0,0.0016493
2026-05-16T22:12:50,13,27.562,34.9375,0.0625,0.0,0,0,0,1.0,2.02,0.0,0.00108113
2026-05-16T22:12:52,14,29.922,34.875,0.125,0.0,0,0,0,1.0,2.02,0.0,0.00122764
2026-05-16T22:12:54,15,32.109,34.875,0.125,0.0,0,0,0,1.0,2.0,0.0,0.00082594
2026-05-16T22:12:57,16,34.328,34.8125,0.1875,0.0,0,0,0,1.0,2.0,0.0,0.00030858
2026-05-16T22:13:00,17,36.984,34.8125,0.1875,0.0,0,0,0,1.0,2.0,0.0,2.65e-05
2026-05-16T22:13:02,18,39.453,34.75,0.25,0.0,0,0,0,1.6,2.0,0.0,1.99e-06
2026-05-16T22:13:07,20,44.766,34.6875,0.3125,0.54524,139,0,0,1.461228,2.004626,0.0,6.66e-06
2026-05-16T22:13:09,21,47.641,34.6875,0.3125,1.0,255,0,0,1.178987,2.014034,0.0,0.00019646
2026-05-16T22:13:11,22,49.391,34.625,0.375,1.0,255,0,0,1.125801,2.015807,0.0,0.00022865
2026-05-16T22:13:13,23,51.016,34.625,0.375,1.0,255,0,0,1.104033,2.016532,0.0,0.00016939
2026-05-16T22:13:16,24,52.969,34.625,0.375,1.0,255,0,0,1.01015,2.012891,0.0,0.00071826
2026-05-16T22:13:18,25,55.594,34.5625,0.4375,1.0,255,0,0,0.904368,2.009281,0.0,0.00015126
2026-05-16T22:13:20,26,57.891,34.5,0.5,1.0,255,0,0,0.919681,2.01145,0.0,5.14e-06
2026-05-16T22:13:22,27,59.937,34.5,0.5,1.0,255,0,0,0.948069,2.013952,0.0,7.07e-06
2026-05-16T22:13:23,28,61.469,34.4375,0.5625,1.0,255,0,0,1.038188,2.018727,0.0,9.95e-05
2026-05-16T22:13:26,29,63.406,34.4375,0.5625,1.0,255,0,0,1.050629,2.018312,0.0,0.00017409
2026-05-16T22:13:28,30,65.656,34.4375,0.5625,1.0,255,0,0,1.086435,2.017119,0.0,9.8e-05
2026-05-16T22:13:30,31,67.609,34.375,0.625,1.0,255,0,0,1.215356,2.012821,0.0,0.00031163
2026-05-16T22:13:32,32,69.562,34.375,0.625,1.0,255,0,0,1.482551,2.003915,0.0,0.00018637
2026-05-16T22:13:34,33,71.641,34.3125,0.6875,1.0,255,0,0,1.532317,2.002256,0.0,2.037e-05
2026-05-16T22:13:37,34,73.953,34.3125,0.6875,1.0,255,0,0,1.436597,2.005447,0.0,1.92e-06
2026-05-16T22:13:39,35,76.516,34.3125,0.6875,1.0,255,0,0,1.282744,2.010575,0.0,0.00014403
2026-05-16T22:13:41,36,78.578,34.3125,0.6875,1.0,255,0,0,1.214671,2.012844,0.0,0.00017081
2026-05-16T22:13:43,37,80.516,34.25,0.75,1.0,255,0,0,1.150614,2.010658,0.0,0.00034607
2026-05-16T22:13:47,38,82.875,34.3125,0.6875,1.0,255,0,0,1.023821,2.006219,0.0,0.00026466
2026-05-16T22:13:49,39,86.844,34.3125,0.6875,1.0,255,0,0,0.916589,2.003349,0.0,0.00015711
2026-05-16T22:13:51,40,88.609,34.3125,0.6875,1.0,255,0,0,0.871051,2.003564,0.0,1.904e-05
2026-05-16T22:13:54,41,91.578,34.375,0.625,1.0,255,0,0,0.884188,2.006307,0.0,4.36e-06
2026-05-16T22:13:56,42,93.937,34.4375,0.5625,1.0,255,0,0,0.894613,2.008604,0.0,1.93e-06
2026-05-16T22:13:58,43,96.078,34.4375,0.5625,1.0,255,0,0,0.961671,2.013098,0.0,5.509e-05
2026-05-16T22:14:00,44,97.922,34.5,0.5,1.0,255,0,0,0.989815,2.015353,0.0,8.12e-06
2026-05-16T22:14:02,45,99.969,34.5,0.5,1.0,255,0,0,1.045124,2.018496,0.0,4.236e-05
2026-05-16T22:14:04,46,102.219,34.5625,0.4375,1.0,255,0,0,1.042167,2.018594,0.0,2.13e-06
2026-05-16T22:14:06,47,104.266,34.625,0.375,1.0,255,0,0,1.039829,2.018672,0.0,2.6e-07
2026-05-16T22:14:09,48,106.266,34.625,0.375,1.0,255,0,0,1.018384,2.01812,0.0,3.386e-05
2026-05-16T22:14:12,49,109.281,34.75,0.25,1.0,255,0,0,0.876185,2.012391,0.0,0.00023745
2026-05-16T22:14:14,50,112.062,34.8125,0.1875,1.0,255,0,0,0.730242,2.006512,0.0,0.00029302
2026-05-16T22:14:17,51,114.281,34.875,0.125,1.0,255,0,0,0.714142,2.005707,0.0,3.459e-05
2026-05-16T22:14:19,52,116.844,34.9375,0.0625,1.0,255,0,0,0.712896,2.005645,0.0,1.866e-05
2026-05-16T22:14:22,53,118.906,35.0,0.0,1.0,255,0,0,0.637224,2.001861,0.0,0.00016538
2026-05-16T22:14:24,54,121.469,35.125,-0.125,1.0,255,0,0,0.6,2.0,0.0,0.00026972
2026-05-16T22:14:26,55,123.531,35.1875,-0.1875,1.0,255,0,0,0.6,2.0,0.0,4.631e-05
2026-05-16T22:14:28,56,125.656,35.25,-0.25,1.0,255,0,0,0.6,2.0,0.0,4.804e-05
2026-05-16T22:14:30,57,127.844,35.375,-0.375,1.0,255,0,0,0.6,2.0,0.0,1.613e-05
2026-05-16T22:14:32,58,129.672,35.4375,-0.4375,1.0,255,0,0,0.607448,2.000372,0.0,4.46e-06
2026-05-16T22:14:34,59,131.922,35.5625,-0.5625,1.0,255,0,0,0.664317,2.003216,0.0,1.82e-06
2026-05-16T22:14:37,60,134.281,35.6875,-0.6875,1.0,255,0,0,0.673706,2.003685,0.0,9.07e-06
2026-05-16T22:14:41,61,138.266,35.8125,-0.8125,1.0,255,0,0,0.691955,2.004598,0.0,3.61e-06
2026-05-16T22:14:43,62,140.422,35.9375,-0.9375,1.0,255,0,0,0.629827,2.001491,0.0,8.863e-05
2026-05-16T22:14:45,63,142.469,36.0625,-1.0625,1.0,255,0,0,0.6,2.0,0.0,0.00011451
2026-05-16T22:14:47,64,144.625,36.125,-1.125,1.0,255,0,0,0.6,2.0,0.0,3.936e-05
2026-05-16T22:14:49,65,146.766,36.25,-1.25,1.0,255,0,0,0.6,2.0,0.0,7.896e-05
2026-05-16T22:14:51,66,148.719,36.3125,-1.3125,1.0,255,0,0,0.6,2.0,0.0,1.447e-05
2026-05-16T22:14:52,67,150.562,36.375,-1.375,1.0,255,0,0,0.706993,2.00535,0.0,5.178e-05
2026-05-16T22:14:55,68,152.297,36.4375,-1.4375,1.0,255,0,0,0.895148,2.014757,0.0,0.00011585
2026-05-16T22:14:57,69,154.859,36.5625,-1.5625,1.0,255,0,0,0.868162,2.013408,0.0,1.15e-05
2026-05-16T22:14:59,70,157.406,36.6875,-1.6875,0.25854,66,0,0,0.74858,2.007429,0.0,9.97e-05
2026-05-16T22:15:02,71,159.25,36.8125,-1.8125,0.0,0,0,0,1.0,2.02,0.0,0.00025616
2026-05-16T22:15:04,72,161.609,36.875,-1.875,0.0,0,0,0,1.0,2.02,0.0,0.00082415
2026-05-16T22:15:07,73,164.156,37.0,-2.0,0.0,0,0,0,0.702217,2.005111,0.0,0.00155525
2026-05-16T22:15:09,74,166.578,37.125,-2.125,0.0,0,0,0,0.6,2.0,0.0,0.00169725
2026-05-16T22:15:12,75,168.766,37.1875,-2.1875,0.0,0,0,0,1.0,2.0,0.0,0.00105703
2026-05-16T22:15:14,76,171.437,37.3125,-2.3125,0.0,0,0,0,1.0,2.0,0.0,0.00030537
2026-05-16T22:15:16,77,173.531,37.4375,-2.4375,0.0,0,0,0,1.0,2.0,0.0,3.598e-05
2026-05-16T22:15:18,78,175.437,37.5,-2.5,0.0,0,0,0,1.0,2.0,0.0,0.00036038
2026-05-16T22:15:20,79,177.5,37.625,-2.625,0.0,0,0,0,1.0,2.0,0.0,0.00055221
2026-05-16T22:15:22,80,179.531,37.75,-2.75,0.0,0,0,0,1.0,2.0,0.0,0.00065676
2026-05-16T22:15:26,81,182.906,37.9375,-2.9375,0.0,0,0,0,1.0,2.0,0.0,2.273e-05
2026-05-16T22:15:29,82,185.891,38.0625,-3.0625,0.0,0,0,1,1.0,2.0,0.0,2.84e-05
2026-05-16T22:15:30,83,188.453,38.1875,-3.1875,0.0,0,0,1,1.0,2.0,0.0,0.00032784
2026-05-16T22:15:33,84,190.391,38.25,-3.25,0.0,0,0,1,1.0,2.0,0.0,0.00054279
2026-05-16T22:15:35,85,192.641,38.3125,-3.3125,0.0,0,0,1,1.0,2.0,0.0,0.0005069
2026-05-16T22:15:36,86,194.469,38.4375,-3.4375,0.0,0,0,1,1.0,2.0,0.0,3.6e-06
2026-05-16T22:15:38,87,196.219,38.5,-3.5,0.0,0,0,1,1.0,2.0,0.0,0.00028309
2026-05-16T22:15:40,88,198.375,38.625,-3.625,0.0,0,0,1,1.0,2.0,0.0,0.00032614
2026-05-16T22:15:43,89,200.328,38.6875,-3.6875,0.0,0,0,1,1.0,2.0,0.0,8.636e-05
2026-05-16T22:15:45,90,202.891,38.6875,-3.6875,0.0,0,0,1,1.0,2.0,0.0,0.00022324
2026-05-16T22:15:47,91,205.234,38.8125,-3.8125,0.0,0,0,1,1.0,2.0,0.0,3.219e-05
2026-05-16T22:15:50,92,207.187,38.8125,-3.8125,0.0,0,0,1,1.0,2.0,0.0,0.00015799
2026-05-16T22:15:52,93,209.422,38.875,-3.875,0.0,0,0,1,1.0,2.0,0.0,0.00045998
2026-05-16T22:15:54,94,212.0,38.9375,-3.9375,0.0,0,0,1,1.0,2.0,0.0,0.00031122
2026-05-16T22:15:55,95,213.531,39.0,-4.0,0.0,0,1,1,1.0,2.0,0.0,5.747e-05
2026-05-16T22:15:57,96,215.281,39.0625,-4.0625,0.0,0,1,1,1.0,2.0,0.0,4.265e-05
2026-05-16T22:15:59,97,217.109,39.0625,-4.0625,0.0,0,1,1,1.0,2.0,0.0,0.00110763
2026-05-16T22:16:01,98,219.156,39.0625,-4.0625,0.0,0,1,1,1.0,2.0,0.0,0.0001155
2026-05-16T22:16:03,99,221.016,39.0625,-4.0625,0.0,0,1,1,1.0,2.0,0.0,1e-08
2026-05-16T22:16:05,100,222.859,39.0625,-4.0625,0.0,0,1,1,1.0,2.0,0.0,1.227e-05
2026-05-16T22:16:09,101,226.219,39.125,-4.125,0.0,0,1,1,1.0,2.0,0.0,3.02e-06
2026-05-16T22:16:12,102,229.094,39.1875,-4.1875,0.0,0,1,1,1.0,2.0,0.0,0.0007326
2026-05-16T22:16:13,103,231.547,39.1875,-4.1875,0.0,0,1,1,1.0,2.0,0.0,0.00098083
2026-05-16T22:16:15,104,233.297,39.1875,-4.1875,0.0,0,1,1,1.0,2.0,0.0,2.53e-06
2026-05-16T22:16:18,105,235.328,39.1875,-4.1875,0.0,0,1,1,1.0,2.0,0.0,0.00020147
2026-05-16T22:16:20,106,237.703,39.1875,-4.1875,0.0,0,1,1,1.0,2.0,0.0,0.00047759
2026-05-16T22:16:22,107,239.844,39.1875,-4.1875,0.0,0,1,1,1.0,2.0,0.0,0.00023559
2026-05-16T22:16:24,108,241.703,39.1875,-4.1875,0.0,0,1,1,1.0,2.0,0.0,6.45e-06
2026-05-16T22:16:26,109,244.047,39.1875,-4.1875,0.0,0,1,1,1.0,2.0,0.0,0.00013792
2026-05-16T22:16:29,110,246.281,39.1875,-4.1875,0.0,0,1,1,1.0,2.0,0.0,0.00017087
2026-05-16T22:16:31,111,248.437,39.1875,-4.1875,0.0,0,1,1,1.0,2.0,0.0,4.4e-06
2026-05-16T22:16:34,112,251.0,39.1875,-4.1875,0.0,0,1,1,1.0,2.0,0.0,1.093e-05
2026-05-16T22:16:36,113,253.812,39.125,-4.125,0.0,0,1,1,1.0,2.0,0.0,6.47e-06
2026-05-16T22:16:38,114,256.016,39.125,-4.125,0.0,0,1,1,1.0,2.0,0.0,2.06e-06
2026-05-16T22:16:40,115,257.969,39.125,-4.125,0.0,0,1,1,1.0,2.0,0.0,2.836e-05
2026-05-16T22:16:43,116,260.234,39.125,-4.125,0.0,0,1,1,1.0,2.0,0.0,1.583e-05
2026-05-16T22:16:45,117,262.687,39.125,-4.125,0.0,0,1,1,1.0,2.0,0.0,2.37e-06
2026-05-16T22:16:46,118,264.625,39.0625,-4.0625,0.0,0,1,1,1.0,2.0,0.0,0.0
2026-05-16T22:16:49,119,266.266,39.0625,-4.0625,0.0,0,1,1,1.0,2.0,0.0,7.56e-05
2026-05-16T22:16:51,120,268.516,39.0,-4.0,0.0,0,1,1,1.0,2.0,0.0,1.315e-05
2026-05-16T22:16:54,121,271.594,38.9375,-3.9375,0.0,0,0,1,1.0,2.0,0.0,3.127e-05
2026-05-16T22:16:56,122,273.75,38.9375,-3.9375,0.0,0,0,1,1.0,2.0,0.0,4e-08
2026-05-16T22:16:58,123,275.484,38.8125,-3.8125,0.0,0,0,1,1.0,2.0,0.0,9.4e-05
2026-05-16T22:17:00,124,277.625,38.8125,-3.8125,0.0,0,0,1,1.0,2.0,0.0,1.49e-06
2026-05-16T22:17:02,125,279.484,38.75,-3.75,0.0,0,0,1,1.0,2.0,0.0,1.669e-05
2026-05-16T22:17:03,126,281.531,38.6875,-3.6875,0.0,0,0,1,1.0,2.0,0.0,6.66e-06
2026-05-16T22:17:06,127,283.375,38.625,-3.625,0.0,0,0,1,1.0,2.0,0.0,4.627e-05
2026-05-16T22:17:08,128,285.516,38.5625,-3.5625,0.0,0,0,1,1.0,2.0,0.0,1.02e-05
2026-05-16T22:17:09,129,287.578,38.5,-3.5,0.0,0,0,1,1.0,2.0,0.0,2.432e-05
2026-05-16T22:17:12,130,289.312,38.5,-3.5,0.0,0,0,1,1.0,2.0,0.0,0.00012222
2026-05-16T22:17:14,131,291.453,38.4375,-3.4375,0.0,0,0,1,1.0,2.0,0.0,4.19e-06
2026-05-16T22:17:16,132,293.922,38.375,-3.375,0.0,0,0,1,1.0,2.0,0.0,2.41e-06
2026-05-16T22:17:19,133,296.375,38.3125,-3.3125,0.0,0,0,1,1.0,2.0,0.0,1.789e-05
2026-05-16T22:17:20,134,298.531,38.25,-3.25,0.0,0,0,1,1.0,2.0,0.0,6.584e-05
2026-05-16T22:17:22,135,300.375,38.25,-3.25,0.0,0,0,1,1.0,2.0,0.0,1.92e-06
2026-05-16T22:17:25,136,302.219,38.1875,-3.1875,0.0,0,0,1,1.0,2.0,0.0,4.023e-05
2026-05-16T22:17:27,137,304.562,38.125,-3.125,0.0,0,0,1,1.0,2.0,0.0,2.4e-07
2026-05-16T22:17:29,138,306.719,38.125,-3.125,0.0,0,0,1,1.0,2.0,0.0,3.034e-05
2026-05-16T22:17:31,139,308.562,38.0625,-3.0625,0.0,0,0,1,1.0,2.0,0.0,2.79e-06
2026-05-16T22:17:32,140,310.516,38.0,-3.0,0.0,0,0,1,1.0,2.0,0.0,2.88e-06
2026-05-16T22:17:36,141,313.375,37.9375,-2.9375,0.0,0,0,0,1.0,2.0,0.0,3.78e-06
2026-05-16T22:17:38,142,315.516,37.875,-2.875,0.0,0,0,0,1.0,2.0,0.0,5.389e-05
2026-05-16T22:17:40,143,317.469,37.75,-2.75,0.0,0,0,0,1.0,2.0,0.0,1.465e-05
2026-05-16T22:17:42,144,319.812,37.75,-2.75,0.0,0,0,0,1.0,2.0,0.0,3.591e-05
2026-05-16T22:17:44,145,321.672,37.6875,-2.6875,0.0,0,0,0,1.0,2.0,0.0,4.8e-07
2026-05-16T22:17:46,146,324.031,37.5625,-2.5625,0.0,0,0,0,1.0,2.0,0.0,0.00017216
2026-05-16T22:17:48,147,325.953,37.5625,-2.5625,0.0,0,0,0,1.0,2.0,0.0,6.33e-06
2026-05-16T22:17:51,148,327.703,37.4375,-2.4375,0.0,0,0,0,1.0,2.0,0.0,0.00010371
2026-05-16T22:17:53,149,330.453,37.375,-2.375,0.0,0,0,0,1.0,2.0,0.0,0.00013396
2026-05-16T22:17:56,150,333.125,37.3125,-2.3125,0.0,0,0,0,1.0,2.0,0.0,2.013e-05
2026-05-16T22:17:58,151,335.484,37.25,-2.25,0.0,0,0,0,1.0,2.0,0.0,6.231e-05
2026-05-16T22:18:00,152,337.891,37.1875,-2.1875,0.0,0,0,0,1.0,2.0,0.0,8e-07
2026-05-16T22:18:02,153,339.891,37.125,-2.125,0.0,0,0,0,1.0,2.0,0.0,4.418e-05
2026-05-16T22:18:03,154,341.422,37.0625,-2.0625,0.0,0,0,0,1.0,2.0,0.0,1.704e-05
2026-05-16T22:18:05,155,343.172,37.0,-2.0,0.0,0,0,0,1.0,2.02,0.0,6.78e-06
2026-05-16T22:18:07,156,344.906,36.9375,-1.9375,0.0,0,0,0,1.0,2.02,0.0,6.1e-06
2026-05-16T22:18:09,157,346.75,36.875,-1.875,0.0,0,0,0,1.0,2.02,0.0,8.33e-06
2026-05-16T22:18:11,158,348.75,36.875,-1.875,0.0,0,0,0,1.0,2.02,0.0,1.823e-05
2026-05-16T22:18:13,159,350.828,36.8125,-1.8125,0.0,0,0,0,1.0,2.02,0.0,6.82e-06
2026-05-16T22:18:16,160,353.0,36.6875,-1.6875,0.0,0,0,0,1.0,2.02,0.0,5.242e-05
2026-05-16T22:18:19,161,356.937,36.625,-1.625,0.0,0,0,0,1.0,2.02,0.0,8.336e-05
2026-05-16T22:18:21,162,359.031,36.5625,-1.5625,0.0,0,0,0,1.0,2.02,0.0,0.00016358
2026-05-16T22:18:24,163,361.172,36.4375,-1.4375,0.0,0,0,0,1.0,2.02,0.0,0.00020224
2026-05-16T22:18:26,164,363.484,36.375,-1.375,0.0,0,0,0,1.0,2.02,0.0,3.819e-05
2026-05-16T22:18:28,165,365.484,36.375,-1.375,0.0,0,0,0,1.0,2.02,0.0,7e-08
2026-05-16T22:18:30,166,367.578,36.25,-1.25,0.0,0,0,0,1.0,2.02,0.0,5.03e-06
2026-05-16T22:18:32,167,369.797,36.1875,-1.1875,0.0,0,0,0,1.0,2.02,0.0,1.847e-05
2026-05-16T22:18:34,168,371.687,36.125,-1.125,0.0,0,0,0,1.0,2.02,0.0,1.57e-05
2026-05-16T22:18:36,169,373.578,36.0,-1.0,0.0,0,0,0,1.0,2.02,0.0,4.146e-05
2026-05-16T22:18:38,170,375.531,35.9375,-0.9375,0.0,0,0,0,1.0,2.02,0.0,5.703e-05
2026-05-16T22:18:40,171,377.469,35.875,-0.875,0.0,0,0,0,1.0,2.02,0.0,4.293e-05
2026-05-16T22:18:42,172,379.812,35.8125,-0.8125,0.0,0,0,0,1.0,2.02,0.0,7.3e-07
2026-05-16T22:18:44,173,381.672,35.75,-0.75,0.0,0,0,0,1.0,2.02,0.0,4.7e-06
2026-05-16T22:18:47,174,384.219,35.625,-0.625,0.0,0,0,0,1.0,2.02,0.0,6.605e-05
2026-05-16T22:18:49,175,386.687,35.5,-0.5,0.0,0,0,0,1.0,2.02,0.0,8.864e-05
2026-05-16T22:18:51,176,389.25,35.4375,-0.4375,0.0,0,0,0,1.0,2.02,0.0,6.594e-05
2026-05-16T22:18:53,177,391.203,35.3125,-0.3125,0.0,0,0,0,1.0,2.02,0.0,6.577e-05
2026-05-16T22:18:55,178,393.234,35.25,-0.25,0.0,0,0,0,1.0,2.0,0.0,8.364e-05
2026-05-16T22:18:57,179,395.391,35.25,-0.25,0.0,0,0,0,1.0,2.02,0.0,1.89e-06
2026-05-16T22:18:59,180,397.344,35.125,-0.125,0.0,0,0,0,1.0,2.02,0.0,1.728e-05
2026-05-16T22:19:02,181,400.312,35.0625,-0.0625,0.0,0,0,0,1.0,2.02,0.0,5.12e-06
2026-05-16T22:19:05,182,402.297,34.9375,0.0625,0.0,0,0,0,1.0,2.02,0.0,6.63e-06
2026-05-16T22:19:07,183,405.0,34.875,0.125,0.0,0,0,0,1.0,2.02,0.0,4.7e-07
2026-05-16T22:19:10,184,407.266,34.75,0.25,0.0,0,0,0,1.0,2.02,0.0,6.633e-05
2026-05-16T22:19:12,185,410.031,34.6875,0.3125,0.0,0,0,0,1.062946,2.017902,0.0,2.817e-05
2026-05-16T22:19:15,186,412.172,34.625,0.375,0.0,0,0,0,1.225376,2.012487,0.0,2e-05
2026-05-16T22:19:17,187,414.516,34.5625,0.4375,0.0,0,0,0,1.212855,2.012905,0.0,8.5e-07
2026-05-16T22:19:19,188,416.531,34.5,0.5,0.0,0,0,0,1.173366,2.014221,0.0,1.344e-05
2026-05-16T22:19:21,189,418.75,34.4375,0.5625,0.0,0,0,0,1.263068,2.011231,0.0,3.338e-05
2026-05-16T22:19:24,190,421.297,34.375,0.625,0.0,0,0,0,1.266356,2.011121,0.0,0.0
2026-05-16T22:19:27,191,424.062,34.25,0.75,0.0,0,0,0,1.391194,2.00696,0.0,4.081e-05
2026-05-16T22:19:29,192,426.531,34.1875,0.8125,0.0,0,0,0,1.384728,2.007176,0.0,1.2e-07
2026-05-16T22:19:30,193,428.469,34.1875,0.8125,0.0,0,0,0,1.304284,2.009857,0.0,2.33e-05
2026-05-16T22:19:33,194,430.406,34.125,0.875,0.0,0,0,0,1.29527,2.010158,0.0,1.14e-06
2026-05-16T22:19:35,195,432.766,34.0625,0.9375,0.0,0,0,0,1.23857,2.012048,0.0,8.234e-05
2026-05-16T22:19:37,196,434.922,34.0,1.0,0.0,0,0,0,1.253313,2.011556,0.0,2.202e-05
2026-05-16T22:19:39,197,436.969,33.9375,1.0625,0.0,0,0,0,1.308747,2.009708,0.0,2.972e-05
2026-05-16T22:19:41,198,439.016,33.9375,1.0625,0.0,0,0,0,1.38085,2.007305,0.0,2.713e-05
2026-05-16T22:19:43,199,440.859,33.875,1.125,0.0,0,0,0,1.388279,2.007057,0.0,1.4e-07
2026-05-16T22:19:45,200,442.703,33.8125,1.1875,0.0,0,0,0,1.5717,2.000943,0.0,0.00011485
2026-05-16T22:19:48,201,445.984,33.75,1.25,0.0,0,0,0,1.6,2.0,0.0,5.524e-05
2026-05-16T22:19:50,202,447.812,33.6875,1.3125,0.0,0,0,0,1.6,2.0,0.0,4e-08
2026-05-16T22:19:52,203,449.969,33.6875,1.3125,0.0,0,0,0,1.493793,2.00354,0.0,0.0001123
2026-05-16T22:19:54,204,451.812,33.625,1.375,0.0,0,0,0,1.337332,2.002191,0.0,0.00036904
2026-05-16T22:19:55,205,453.656,33.625,1.375,1.0,255,0,0,1.250947,2.000701,0.0,4.118e-05
2026-05-16T22:19:58,206,455.297,33.5625,1.4375,1.0,255,0,0,0.960484,2.0,0.0,1e-08
2026-05-16T22:20:00,207,457.766,33.5,1.5,1.0,255,0,0,0.838088,2.0,0.0,0.00382582
2026-05-16T22:20:02,208,459.687,33.4375,1.5625,1.0,255,0,0,1.594626,2.000179,0.0,0.00853135
2026-05-16T22:20:04,209,462.062,33.4375,1.5625,1.0,255,0,0,1.6,2.0,0.0,0.00558729
2026-05-16T22:20:06,210,463.687,33.4375,1.5625,1.0,255,0,0,1.6,2.0,0.0,0.00200119
2026-05-16T22:20:07,211,465.531,33.375,1.625,1.0,255,0,0,1.6,2.0,0.0,0.00069791
2026-05-16T22:20:10,212,467.281,33.3125,1.6875,1.0,255,0,0,1.6,2.0,0.0,0.00428966
2026-05-16T22:20:12,213,469.437,33.3125,1.6875,1.0,255,0,0,1.533455,2.0,0.0,0.00263671
2026-05-16T22:20:15,214,471.734,33.3125,1.6875,1.0,255,0,0,1.319869,2.0,0.0,0.00056163
2026-05-16T22:20:17,215,474.797,33.25,1.75,1.0,255,0,0,1.208256,2.0,0.0,0.00039267
2026-05-16T22:20:20,216,477.0,33.25,1.75,1.0,255,0,0,1.448499,2.00505,0.0,0.00244496
2026-05-16T22:20:22,217,479.656,33.25,1.75,1.0,255,0,0,1.6,2.0,0.0,0.00130066
2026-05-16T22:20:24,218,481.766,33.25,1.75,1.0,255,0,0,1.6,2.0,0.0,0.00041722
2026-05-16T22:20:26,219,483.562,33.25,1.75,1.0,255,0,0,1.6,2.0,0.0,7.351e-05
2026-05-16T22:20:28,220,485.516,33.25,1.75,1.0,255,0,0,1.6,2.0,0.0,0.00104999
2026-05-16T22:20:31,221,488.984,33.25,1.75,1.0,255,0,0,1.6,2.0,0.0,0.00090391
2026-05-16T22:20:34,222,491.25,33.3125,1.6875,1.0,255,0,0,1.562448,2.0,0.0,0.00115168
2026-05-16T22:20:36,223,493.703,33.3125,1.6875,1.0,255,0,0,1.444945,2.0,0.0,0.00101248
2026-05-16T22:20:37,224,495.437,33.375,1.625,1.0,255,0,0,1.325762,2.0,0.0,0.00011653
2026-05-16T22:20:40,225,497.375,33.375,1.625,1.0,255,0,0,1.237286,2.0,0.0,8.934e-05
2026-05-16T22:20:42,226,499.641,33.4375,1.5625,1.0,255,0,0,1.220123,2.001685,0.0,0.00027262
2026-05-16T22:20:45,227,502.187,33.4375,1.5625,1.0,255,0,0,1.348654,2.008378,0.0,0.00061915
2026-05-16T22:20:49,228,505.156,33.5,1.5,1.0,255,0,0,1.436053,2.005465,0.0,0.00052679
2026-05-16T22:20:51,229,508.75,33.625,1.375,1.0,255,0,0,1.46121,2.004626,0.0,1.659e-05
2026-05-16T22:20:53,230,511.203,33.6875,1.3125,1.0,255,0,0,1.396788,2.006774,0.0,0.00018862
2026-05-16T22:20:56,231,513.359,33.75,1.25,1.0,255,0,0,1.37665,2.006716,0.0,0.0002419
2026-05-16T22:20:57,232,515.609,33.8125,1.1875,1.0,255,0,0,1.279478,2.003693,0.0,0.00042318
2026-05-16T22:20:59,233,517.141,33.875,1.125,1.0,255,0,0,1.17072,2.001035,0.0,0.00032185
2026-05-16T22:21:01,234,519.0,33.9375,1.0625,1.0,255,0,0,1.07334,2.0,0.0,0.00045191
2026-05-16T22:21:03,235,520.828,34.0625,0.9375,1.0,255,0,0,0.98312,2.0,0.0,0.00029933
2026-05-16T22:21:05,236,522.562,34.125,0.875,1.0,255,0,0,0.897899,2.0,0.0,1.201e-05
2026-05-16T22:21:07,237,524.969,34.1875,0.8125,1.0,255,0,0,0.816866,2.0,0.0,1.203e-05
2026-05-16T22:21:10,238,527.297,34.3125,0.6875,1.0,255,0,0,0.741125,2.0,0.0,5.96e-06
2026-05-16T22:21:12,239,529.734,34.4375,0.5625,1.0,255,0,0,0.674481,2.0,0.0,5.3e-07
2026-05-16T22:21:13,240,531.641,34.5,0.5,1.0,255,0,0,0.721679,2.00479,0.0,5.791e-05
2026-05-16T22:21:16,241,533.937,34.625,0.375,1.0,255,0,0,0.719678,2.005984,0.0,3.24e-06
2026-05-16T22:21:19,242,536.297,34.75,0.25,1.0,255,0,0,0.69884,2.004942,0.0,3.058e-05
2026-05-16T22:21:21,243,538.75,34.875,0.125,1.0,255,0,0,0.658015,2.002901,0.0,5.187e-05
2026-05-16T22:21:23,244,541.109,35.0,0.0,1.0,255,0,0,0.6,2.0,0.0,0.00012451
2026-05-16T22:21:25,245,542.953,35.0625,-0.0625,1.0,255,0,0,0.6,2.0,0.0,7.918e-05
2026-05-16T22:21:28,246,545.094,35.1875,-0.1875,1.0,255,0,0,0.6,2.0,0.0,5.655e-05
2026-05-16T22:21:30,247,547.547,35.3125,-0.3125,1.0,255,0,0,0.6,2.0,0.0,1.29e-06
2026-05-16T22:21:32,248,550.016,35.4375,-0.4375,1.0,255,0,0,0.6,2.0,0.0,1.858e-05
2026-05-16T22:21:35,249,552.172,35.625,-0.625,1.0,255,0,0,0.6,2.0,0.0,1.6e-07
2026-05-16T22:21:37,250,554.422,35.75,-0.75,1.0,255,0,0,0.6,2.0,0.0,2.25e-05
2026-05-16T22:21:39,251,556.672,35.875,-0.875,1.0,255,0,0,0.6,2.0,0.0,2.418e-05
2026-05-16T22:21:41,252,558.625,36.0,-1.0,1.0,255,0,0,0.6,2.0,0.0,4.296e-05
2026-05-16T22:21:43,253,560.672,36.125,-1.125,1.0,255,0,0,0.6,2.0,0.0,1.2e-06
2026-05-16T22:21:45,254,562.609,36.1875,-1.1875,1.0,255,0,0,0.601372,2.000069,0.0,4.947e-05
2026-05-16T22:21:46,255,564.453,36.3125,-1.3125,1.0,255,0,0,0.857759,2.012888,0.0,5.779e-05
2026-05-16T22:21:48,256,566.031,36.4375,-1.4375,1.0,255,0,0,0.6,2.0,0.0,0.00013536
2026-05-16T22:21:51,257,568.187,36.5,-1.5,1.0,255,0,0,0.6,2.0,0.0,0.00013476
2026-05-16T22:21:53,258,570.609,36.625,-1.625,1.0,255,0,0,0.6,2.0,0.0,3.4e-06
2026-05-16T22:21:55,259,572.641,36.75,-1.75,1.0,255,0,0,0.6,2.0,0.0,1.329e-05
2026-05-16T22:21:58,260,574.953,36.875,-1.875,1.0,255,0,0,1.0,2.0,0.0,0.00049644
2026-05-16T22:22:01,261,578.531,37.125,-2.125,0.73527,187,0,0,0.972714,2.018636,0.0,0.00020038
2026-05-16T22:22:03,262,580.828,37.25,-2.25,0.0,0,0,0,1.0,2.0,0.0,0.00211854
2026-05-16T22:22:06,263,582.984,37.375,-2.375,0.0,0,0,0,1.0,2.0,0.0,0.00091118
2026-05-16T22:22:08,264,585.453,37.5,-2.5,0.0,0,0,0,1.0,2.0,0.0,0.00187056
2026-05-16T22:22:10,265,587.703,37.625,-2.625,0.0,0,0,0,1.0,2.0,0.0,2.219e-05
2026-05-16T22:22:12,266,589.844,37.75,-2.75,0.0,0,0,0,1.0,2.0,0.0,0.00111645
2026-05-16T22:22:14,267,591.797,37.875,-2.875,0.0,0,0,0,1.0,2.0,0.0,0.00133583
2026-05-16T22:22:16,268,594.141,38.0,-3.0,0.0,0,0,1,1.0,2.0,0.0,7.685e-05
2026-05-16T22:22:18,269,596.094,38.0625,-3.0625,0.0,0,0,1,1.0,2.0,0.0,0.00084328
2026-05-16T22:22:21,270,598.281,38.1875,-3.1875,0.0,0,0,1,1.0,2.0,0.0,0.00468634
2026-05-16T22:22:23,271,600.594,38.375,-3.375,0.0,0,0,1,1.0,2.0,0.0,0.0009505
2026-05-16T22:22:25,272,602.953,38.5,-3.5,0.0,0,0,1,1.0,2.0,0.0,0.00032066
2026-05-16T22:22:27,273,605.047,38.625,-3.625,0.0,0,0,1,1.0,2.0,0.0,9.573e-05
2026-05-16T22:22:30,274,607.359,38.75,-3.75,0.0,0,0,1,1.0,2.0,0.0,2.64e-06
2026-05-16T22:22:33,275,609.812,38.8125,-3.8125,0.0,0,0,1,1.0,2.0,0.0,0.00146982
2026-05-16T22:22:35,276,612.484,38.9375,-3.9375,0.0,0,0,1,1.0,2.0,0.0,0.00958403
2026-05-16T22:22:37,277,614.531,39.0,-4.0,0.0,0,1,1,1.0,2.0,0.0,0.02374798
2026-05-16T22:22:39,278,616.984,39.125,-4.125,0.0,0,1,1,1.0,2.0,0.0,0.02344143
2026-05-16T22:22:41,279,618.937,39.125,-4.125,0.0,0,1,1,1.0,2.0,0.0,0.00014578
2026-05-16T22:22:43,280,620.984,39.1875,-4.1875,0.0,0,1,1,1.0,2.0,0.0,0.03510495
2026-05-16T22:22:46,281,624.016,39.25,-4.25,0.0,0,1,1,1.0,2.0,0.0,0.00903477
2026-05-16T22:22:48,282,625.937,39.3125,-4.3125,0.0,0,1,1,1.0,2.0,0.0,0.01502748
2026-05-16T22:22:50,283,627.844,39.375,-4.375,0.0,0,1,1,1.0,2.0,0.0,0.02860644
2026-05-16T22:22:52,284,629.781,39.4375,-4.4375,0.0,0,1,1,1.0,2.0,0.0,0.01828736
2026-05-16T22:22:54,285,632.141,39.4375,-4.4375,0.0,0,1,1,1.0,2.0,0.0,0.0016769
2026-05-16T22:22:57,286,634.094,39.5,-4.5,0.0,0,1,1,1.0,2.0,0.0,0.0028882
2026-05-16T22:22:59,287,636.75,39.5625,-4.5625,0.0,0,1,1,1.0,2.0,0.0,0.01113284
2026-05-16T22:23:01,288,638.937,39.5625,-4.5625,0.0,0,1,1,1.0,2.0,0.0,0.00924391
2026-05-16T22:23:04,289,641.062,39.5625,-4.5625,0.0,0,1,1,1.0,2.0,0.0,0.00212236
2026-05-16T22:23:06,290,643.656,39.5625,-4.5625,0.0,0,1,1,1.0,2.0,0.0,1.338e-05
2026-05-16T22:23:08,291,645.859,39.625,-4.625,0.0,0,1,1,1.0,2.0,0.0,0.00289338
2026-05-16T22:23:10,292,647.859,39.625,-4.625,0.0,0,1,1,1.0,2.0,0.0,0.00604858
2026-05-16T22:23:13,293,649.891,39.5625,-4.5625,0.0,0,1,1,1.0,2.0,0.0,0.0037887
2026-05-16T22:23:15,294,652.687,39.5625,-4.5625,0.0,0,1,1,1.0,2.0,0.0,0.00248637
2026-05-16T22:23:17,295,654.75,39.5625,-4.5625,0.0,0,1,1,1.0,2.0,0.0,0.00041901
2026-05-16T22:23:20,296,657.359,39.5,-4.5,0.0,0,1,1,1.0,2.0,0.0,0.00015703
2026-05-16T22:23:22,297,659.516,39.5,-4.5,0.0,0,1,1,1.0,2.0,0.0,0.0006733
2026-05-16T22:23:24,298,661.5,39.5,-4.5,0.0,0,1,1,1.0,2.0,0.0,0.00115976
2026-05-16T22:23:26,299,663.516,39.4375,-4.4375,0.0,0,1,1,1.0,2.0,0.0,0.00203177
2026-05-16T22:23:28,300,665.859,39.4375,-4.4375,0.0,0,1,1,1.0,2.0,0.0,0.00141782
2026-05-16T22:23:32,301,669.297,39.3125,-4.3125,0.0,0,1,1,1.0,2.0,0.0,0.00143678
2026-05-16T22:23:34,302,672.0,39.3125,-4.3125,0.0,0,1,1,1.0,2.0,0.0,0.00072631
2026-05-16T22:23:36,303,674.312,39.25,-4.25,0.0,0,1,1,1.0,2.0,0.0,0.00020102
2026-05-16T22:23:38,304,676.312,39.1875,-4.1875,0.0,0,1,1,1.0,2.0,0.0,3.37e-06
2026-05-16T22:23:41,305,678.359,39.125,-4.125,0.0,0,1,1,1.0,2.0,0.0,5.05e-06
2026-05-16T22:23:43,306,680.859,39.0625,-4.0625,0.0,0,1,1,1.0,2.0,0.0,0.00024327
2026-05-16T22:23:45,307,682.969,39.0,-4.0,0.0,0,1,1,1.0,2.0,0.0,0.00031681
2026-05-16T22:23:48,308,685.109,38.9375,-3.9375,0.0,0,0,1,1.0,2.0,0.0,6.839e-05
2026-05-16T22:23:50,309,687.719,38.875,-3.875,0.0,0,0,1,1.0,2.0,0.0,4.422e-05
2026-05-16T22:23:53,310,690.016,38.8125,-3.8125,0.0,0,0,1,1.0,2.0,0.0,2.365e-05
2026-05-16T22:23:55,311,692.484,38.75,-3.75,0.0,0,0,1,1.0,2.0,0.0,0.00014713
2026-05-16T22:23:57,312,694.875,38.6875,-3.6875,0.0,0,0,1,1.0,2.0,0.0,2.875e-05
2026-05-16T22:24:00,313,696.891,38.625,-3.625,0.0,0,0,1,1.0,2.0,0.0,2.685e-05
2026-05-16T22:24:02,314,699.859,38.5625,-3.5625,0.0,0,0,1,1.0,2.0,0.0,0.00019969
2026-05-16T22:24:04,315,702.0,38.5,-3.5,0.0,0,0,1,1.0,2.0,0.0,0.00024461
2026-05-16T22:24:06,316,704.203,38.4375,-3.4375,0.0,0,0,1,1.0,2.0,0.0,7.577e-05
2026-05-16T22:24:08,317,705.953,38.3125,-3.3125,0.0,0,0,1,1.0,2.0,0.0,0.00026925
2026-05-16T22:24:10,318,708.047,38.25,-3.25,0.0,0,0,1,1.0,2.0,0.0,0.00044926
2026-05-16T22:24:13,319,710.406,38.1875,-3.1875,0.0,0,0,1,1.0,2.0,0.0,0.00050887
2026-05-16T22:24:16,320,712.75,38.125,-3.125,0.0,0,0,1,1.0,2.0,0.0,0.00056695
2026-05-16T22:24:18,321,716.437,38.0625,-3.0625,0.0,0,0,1,1.0,2.0,0.0,0.00051239
2026-05-16T22:24:20,322,718.281,38.0,-3.0,0.0,0,0,1,1.0,2.0,0.0,0.00015799
2026-05-16T22:24:22,323,720.172,37.9375,-2.9375,0.0,0,0,0,1.0,2.0,0.0,0.00022701
2026-05-16T22:24:25,324,722.281,37.875,-2.875,0.0,0,0,0,1.0,2.0,0.0,5.307e-05
2026-05-16T22:24:27,325,724.484,37.8125,-2.8125,0.0,0,0,0,1.0,2.0,0.0,2.998e-05
2026-05-16T22:24:29,326,726.687,37.75,-2.75,0.0,0,0,0,1.0,2.0,0.0,1.211e-05
2026-05-16T22:24:31,327,728.531,37.6875,-2.6875,0.0,0,0,0,1.0,2.0,0.0,1.48e-06
2026-05-16T22:24:33,328,730.781,37.625,-2.625,0.0,0,0,0,1.0,2.0,0.0,6.5e-07
2026-05-16T22:24:35,329,732.516,37.5,-2.5,0.0,0,0,0,1.0,2.0,0.0,2.66e-05
2026-05-16T22:24:38,330,734.984,37.4375,-2.4375,0.0,0,0,0,1.0,2.0,0.0,6.459e-05
2026-05-16T22:24:40,331,737.641,37.375,-2.375,0.0,0,0,0,1.0,2.0,0.0,2.212e-05
2026-05-16T22:24:42,332,740.094,37.3125,-2.3125,0.0,0,0,0,1.0,2.0,0.0,1.43e-06
2026-05-16T22:24:44,333,742.094,37.1875,-2.1875,0.0,0,0,0,1.0,2.0,0.0,0.00013614
2026-05-16T22:24:47,334,744.203,37.125,-2.125,0.0,0,0,0,1.0,2.0,0.0,0.00011281
2026-05-16T22:24:49,335,746.672,37.0625,-2.0625,0.0,0,0,0,1.0,2.0,0.0,0.00015647
2026-05-16T22:24:51,336,748.812,37.0,-2.0,0.0,0,0,0,1.0,2.0,0.0,0.00018467
2026-05-16T22:24:53,337,751.156,36.9375,-1.9375,0.0,0,0,0,1.0,2.02,0.0,0.00014571
2026-05-16T22:24:55,338,753.203,36.875,-1.875,0.0,0,0,0,1.0,2.02,0.0,8.603e-05
2026-05-16T22:24:57,339,754.844,36.8125,-1.8125,0.0,0,0,0,1.0,2.02,0.0,7.499e-05
2026-05-16T22:24:59,340,756.547,36.75,-1.75,0.0,0,0,0,1.0,2.02,0.0,9.785e-05
2026-05-16T22:25:02,341,759.437,36.625,-1.625,0.0,0,0,0,1.0,2.02,0.0,7.096e-05
2026-05-16T22:25:04,342,761.703,36.5625,-1.5625,0.0,0,0,0,1.0,2.02,0.0,5.808e-05
2026-05-16T22:25:07,343,764.266,36.5,-1.5,0.0,0,0,0,1.0,2.02,0.0,5.562e-05
2026-05-16T22:25:09,344,767.078,36.4375,-1.4375,0.0,0,0,0,1.0,2.02,0.0,7.424e-05
2026-05-16T22:25:12,345,769.375,36.375,-1.375,0.0,0,0,0,1.0,2.02,0.0,5.116e-05
2026-05-16T22:25:15,346,772.0,36.25,-1.25,0.0,0,0,0,1.0,2.02,0.0,7.331e-05
2026-05-16T22:25:17,347,774.703,36.1875,-1.1875,0.0,0,0,0,1.0,2.02,0.0,2.4e-07
2026-05-16T22:25:20,348,777.078,36.125,-1.125,0.0,0,0,0,1.0,2.02,0.0,5.1e-07
2026-05-16T22:25:22,349,779.422,36.0,-1.0,0.0,0,0,0,1.0,2.02,0.0,7.767e-05
2026-05-16T22:25:24,350,781.672,35.9375,-0.9375,0.0,0,0,0,1.0,2.02,0.0,1.024e-05
2026-05-16T22:25:26,351,783.625,35.9375,-0.9375,0.0,0,0,0,1.0,2.02,0.0,4.408e-05
2026-05-16T22:25:28,352,785.984,35.8125,-0.8125,0.0,0,0,0,1.0,2.02,0.0,2.33e-06
2026-05-16T22:25:30,353,788.125,35.75,-0.75,0.0,0,0,0,1.0,2.02,0.0,5.2e-07
2026-05-16T22:25:32,354,790.359,35.75,-0.75,0.0,0,0,0,1.0,2.02,0.0,9.416e-05
2026-05-16T22:25:34,355,792.078,35.6875,-0.6875,0.0,0,0,0,1.0,2.02,0.0,1.63e-06
2026-05-16T22:25:36,356,793.859,35.625,-0.625,0.0,0,0,0,1.0,2.02,0.0,1.04e-06
2026-05-16T22:25:37,357,795.5,35.5625,-0.5625,0.0,0,0,0,1.0,2.02,0.0,3.801e-05
2026-05-16T22:25:39,358,797.141,35.5625,-0.5625,0.0,0,0,0,1.0,2.02,0.0,4.5e-06
2026-05-16T22:25:41,359,799.187,35.5,-0.5,0.0,0,0,0,1.0,2.02,0.0,1.518e-05
2026-05-16T22:25:43,360,801.234,35.4375,-0.4375,0.0,0,0,0,1.0,2.02,0.0,4.234e-05
2026-05-16T22:25:47,361,804.406,35.3125,-0.3125,0.0,0,0,0,1.0,2.02,0.0,0.000168
2026-05-16T22:25:49,362,806.766,35.3125,-0.3125,0.0,0,0,0,1.0,2.02,0.0,7e-06
2026-05-16T22:25:52,363,808.906,35.1875,-0.1875,0.0,0,0,0,1.0,2.02,0.0,2.323e-05
2026-05-16T22:25:56,365,814.187,35.0625,-0.0625,0.0,0,0,0,1.0,2.0,0.0,9.532e-05
2026-05-16T22:25:58,366,815.781,35.0,0.0,0.0,0,0,0,1.0,2.0,0.0,1.273e-05
2026-05-16T22:26:01,367,818.031,34.9375,0.0625,0.0,0,0,0,1.0,2.02,0.0,3.648e-05
2026-05-16T22:26:03,368,820.578,34.875,0.125,0.0,0,0,0,1.0,2.02,0.0,9.551e-05
2026-05-16T22:26:05,369,822.844,34.875,0.125,0.0,0,0,0,0.965755,2.018288,0.0,0.00011585
2026-05-16T22:26:07,370,824.797,34.8125,0.1875,0.0,0,0,0,0.876937,2.013847,0.0,2.478e-05
2026-05-16T22:26:09,371,826.641,34.75,0.25,0.0,0,0,0,1.0,2.02,0.0,6.647e-05
2026-05-16T22:26:11,372,828.578,34.6875,0.3125,0.0,0,0,0,1.0,2.02,0.0,0.00016834
2026-05-16T22:26:13,373,830.766,34.625,0.375,0.0,0,0,0,1.6,2.0,0.0,0.00017304
2026-05-16T22:26:15,374,832.766,34.5625,0.4375,0.0,0,0,0,1.6,2.0,0.0,6.102e-05
2026-05-16T22:26:17,375,835.016,34.5,0.5,0.0,0,0,0,1.6,2.0,0.0,3e-08
2026-05-16T22:26:20,376,837.344,34.4375,0.5625,0.0,0,0,0,1.209749,2.013008,0.0,0.00010838
2026-05-16T22:26:22,377,839.531,34.4375,0.5625,0.0,0,0,0,1.105474,2.014646,0.0,0.00015588
2026-05-16T22:26:24,378,841.766,34.375,0.625,0.0,0,0,0,1.044773,2.01261,0.0,9.08e-06
2026-05-16T22:26:26,379,843.937,34.3125,0.6875,0.0,0,0,0,1.116034,2.016132,0.0,3.571e-05
2026-05-16T22:26:29,380,846.187,34.25,0.75,0.0,0,0,0,1.268265,2.011058,0.0,0.0001962
2026-05-16T22:26:33,381,849.875,34.125,0.875,0.0,0,0,0,1.6,2.0,0.0,0.00029152
2026-05-16T22:26:35,382,852.625,34.125,0.875,0.0,0,0,0,1.6,2.0,0.0,1.29e-06
2026-05-16T22:26:37,383,854.891,34.0625,0.9375,0.0,0,0,0,1.6,2.0,0.0,6.29e-06
2026-05-16T22:26:39,384,857.156,34.0,1.0,0.0,0,0,0,1.353946,2.008202,0.0,0.00011111
2026-05-16T22:26:42,385,859.203,33.9375,1.0625,0.0,0,0,0,1.233764,2.007519,0.0,0.00012378
2026-05-16T22:26:44,386,861.437,33.875,1.125,0.0,0,0,0,1.23029,2.008351,0.0,0.0
2026-05-16T22:26:46,387,863.641,33.8125,1.1875,0.0,0,0,0,1.291818,2.010273,0.0,6.345e-05
2026-05-16T22:26:48,388,865.953,33.75,1.25,0.0,0,0,0,1.6,2.0,0.0,0.00023693
2026-05-16T22:26:51,389,868.141,33.6875,1.3125,0.0,0,0,0,1.6,2.0,0.0,0.0001247
2026-05-16T22:26:54,390,871.062,33.6875,1.3125,0.0,0,0,0,1.539174,2.002028,0.0,0.00011015
2026-05-16T22:26:56,391,873.531,33.625,1.375,0.0,0,0,0,1.418712,2.006043,0.0,6.931e-05
2026-05-16T22:26:58,392,875.594,33.5625,1.4375,1.0,255,0,0,1.385169,2.005364,0.0,3.741e-05
2026-05-16T22:27:00,393,878.047,33.5,1.5,1.0,255,0,0,1.6,2.0,0.0,3.072e-05
2026-05-16T22:27:03,394,880.281,33.5,1.5,1.0,255,0,0,1.589986,2.000334,0.0,7.391e-05
2026-05-16T22:27:05,395,882.75,33.4375,1.5625,1.0,255,0,0,1.586713,2.000443,0.0,1.588e-05
2026-05-16T22:27:07,396,885.141,33.375,1.625,1.0,255,0,0,1.468345,2.001956,0.0,0.00028331
2026-05-16T22:27:09,397,887.266,33.375,1.625,1.0,255,0,0,1.49221,2.003571,0.0,1.502e-05
2026-05-16T22:27:12,398,889.203,33.3125,1.6875,1.0,255,0,0,1.575593,2.000814,0.0,5.769e-05
2026-05-16T22:27:14,399,891.5,33.25,1.75,1.0,255,0,0,1.6,2.0,0.0,0.00017902
2026-05-16T22:27:16,400,893.594,33.25,1.75,1.0,255,0,0,1.495155,2.0,0.0,0.00141846
2026-05-16T22:27:19,401,896.828,33.1875,1.8125,1.0,255,0,0,1.405012,2.0,0.0,2.968e-05
2026-05-16T22:27:22,402,898.922,33.125,1.875,1.0,255,0,0,1.6,2.0,0.0,0.00227091
2026-05-16T22:27:24,403,901.594,33.125,1.875,1.0,255,0,0,1.6,2.0,0.0,0.00015101
2026-05-16T22:27:26,404,904.141,33.125,1.875,1.0,255,0,0,1.6,2.0,0.0,0.00061523
2026-05-16T22:27:29,405,906.391,33.0625,1.9375,1.0,255,0,0,1.494921,2.0,0.0,0.00029621
2026-05-16T22:27:31,406,908.687,33.0625,1.9375,1.0,255,0,0,1.48641,2.001366,0.0,0.00036624
2026-05-16T22:27:33,407,910.687,33.0625,1.9375,1.0,255,0,0,1.6,2.0,0.0,0.00027387
2026-05-16T22:27:35,408,913.0,33.125,1.875,1.0,255,0,0,1.560507,2.001316,0.0,6.497e-05
2026-05-16T22:27:37,409,915.0,33.125,1.875,1.0,255,0,0,1.599956,2.000001,0.0,7.283e-05
2026-05-16T22:27:39,410,916.828,33.125,1.875,1.0,255,0,0,1.543986,2.000163,0.0,0.00026457
2026-05-16T22:27:42,411,919.094,33.1875,1.8125,1.0,255,0,0,1.494323,2.000351,0.0,2.5e-07
2026-05-16T22:27:44,412,921.656,33.1875,1.8125,1.0,255,0,0,1.456255,2.000838,0.0,1e-08
2026-05-16T22:27:46,413,924.219,33.25,1.75,1.0,255,0,0,1.507581,2.003081,0.0,5.94e-05
2026-05-16T22:27:48,414,925.922,33.3125,1.6875,1.0,255,0,0,1.511114,2.002963,0.0,1e-08
2026-05-16T22:27:51,415,928.266,33.375,1.625,1.0,255,0,0,1.343861,2.0,0.0,0.00033457
2026-05-16T22:27:54,416,931.406,33.4375,1.5625,1.0,255,0,0,1.165422,2.0,0.0,0.00019521
2026-05-16T22:27:56,417,933.422,33.5,1.5,1.0,255,0,0,1.341357,2.008621,0.0,0.0008019
